id,text,target,wrong_label
51,#PreviouslyOnDoyinTv: Toke MakinwaÛªs marriage crisis sets Nigerian Twitter ablaze... http://t.co/CMghxBa2XI,0,True
103,I hate badging shit in accident,0,True
106,#3: Car Recorder ZeroEdgeå¨ Dual-lens Car Camera Vehicle Traffic/Driving History/Accident Camcorder  Large Re... http://t.co/kKFaSJv6Cj,0,True
142,Please donate and spread the word! A training accident left the pole-vaulter Kira GrÌ_nberg a paraplegic http://t.co/6MpnyCl8PK,0,True
202,@rewind_music found out about you guys today(regarding the accident on the airplane lol) &amp; became a fan! Sending love &amp; support from Cali~?,1,True
257,AMBULANCE SPRINTER AUTOMATIC FRONTLINE VEHICLE CHOICE OF 14 LEZ COMPLIANT | eBay http://t.co/7X3PDDbT0Z,1,True
282,New Nanotech Device Will Be Able To Target And Destroy Blood Clots http://t.co/MnmyJXQ9go #science,1,True
308,@johnboywest The only 'stage' the drama queen can stand on is a drama stage &amp; certainly never the world stage; he would be annihilated.,1,True
325,@thehill this is 1 example of y the Conservatives annihilated Burton v Wiimington Prkng Auth while Liberals stood by &amp;have done nothing,1,True
326,"Aug 3 1915ÛÓKAISERJAEGERS WIPED OUT.; Francis Joseph's Crack Regiment Annihilated on Carso Plateau.
http://t.co/D1sPSwl66H",1,True
333,They should all die! All of them! Everything annihilated!,1,True
350,Please sign &amp; RT to save #SaltRiverWildHorses http://t.co/GB8ispiaRP http://t.co/Bx0l87iNc8,1,True
369,U.S National Park Services Tonto National Forest: Stop the Annihilation of the Salt River Wild Horse... https://t.co/ZhXua8kmae via @Change,1,True
374,RT SIGN URGENT Stop the Annihilation of the Salt River Wild Horses!!! #savewildhorses #saltriverhorses https://t.co/8AZjFF8eSi,1,True
377,U.S National Park Services Tonto National Forest: Stop the Annihilation of the Salt River Wild Horse... https://t.co/d82wlcP49S via @Change,1,True
379,"@INCIndia under Sonia Gandhi is like Pakistan. Every defeat is treated like a victory.Total annihilation only answer
http://t.co/KtTYiTOw64",0,True
382,U.S National Park Services Tonto National Forest: Stop the Annihilation of the Salt River Wild Horse... http://t.co/TrKg2tpWJm via @Change,1,True
385,U.S National Park Services Tonto National Forest: Stop the Annihilation of the Salt River Wild Horse... http://t.co/k0q4fnBzss via @Change,1,True
515,VICTORINOX SWISS ARMY DATE WOMEN'S RUBBER MOP WATCH 241487 http://t.co/q6VCJaTfjx http://t.co/m1cpEw7kbh,1,True
554,@pnuts_mama Be strong. It's at times like this that arson happens. Push thru past the felony stage.,0,True
572,Fire That Destroyed Charlton Winery Ruled To Be Arson http://t.co/4a9l0jrMYB,1,True
573,WEHTWTVWlocal: Trial date set for man charged with arson burglary. https://t.co/eUk7lKS11r,0,True
591,RT @TheAdvocateMag: Owner of Chicago-Area Gay Bar Admits to Arson Scheme http://t.co/wHTMwtgROJ #p2 #LGBT,1,True
593,#LGBTQ News ?? Owner of Chicago-Area Gay Bar Admits to Arson Scheme: Frank Elliott pleaded... http://t.co/sGb9vNWqUx Via @TheAdvocateMag,1,True
597,Owner of Chicago-Area Gay Bar Admits to Arson Scheme: Frank Elliott pleaded guilty to hiring an arsonist to to... http://t.co/L82mrYxfNK,1,True
639,Serial arsonist gets no bail not jail release http://t.co/rozs6aumsS,1,True
676,#People #Tilly the #Confused Cat Overcomes Horrible Attack to Win Hearts http://t.co/QtrsYxFzo3,1,True
678,To love you love you love you ...  Massive Attack - Angel (HD) https://t.co/9TW34Gffox vÌ_a @YouTube,1,True
693,RT: @rt_com :Tory attack on Freedom of Information is Û÷assault on govt accountabilityÛª ÛÒ Liberty http://t.co/UNmTOnz5c5 http://t.co/GTSbvveF,0,True
698,Newcastle: Schoolgirl attacked in Seaton Delaval park by 'pack of animals' led by a former friend http://t.co/4xbrVNib9T #newcastle,1,True
718,I attacked Robot-lvl 1 and I've earned a total of 16000 free satoshis! http://t.co/2PZcXSkNCg #robotcoingame #Bitcoin #FreeBitcoin,1,True
741,@LogitechG BUT THEN THE FIRE NATION ATTACKED....,0,True
747,I was having such a peaceful happy Twitter experience ...then *AVALANCHE OF IDIOCY*!!!!!! https://t.co/iIR1v39THE,1,True
756,'One glance and the avalanche drops. One look and my heartbeat stops.' Oh WALK THE MOON how you get me.. I couldn't have said it better.,1,True
765,http://t.co/p5PnsRPH5G -RARE VINTAGE COLLECTABLE WINDRIVER AVALANCHE EDT 60ML SPRAY FOR MEN#Deals_UK http://t.co/wkZIYnyyrY,0,True
766,PLUS PERFORMANCE CHIP FUEL SAVER CHEVY SILVERADO/AVALANCHE/BLAZER/TAHOE http://t.co/eocKbeOGm0 http://t.co/cvjCidgEZ7,1,True
768,Dorion: Sens looking for consistency from Hoffman #ColoradoAvalanche #Avalanche http://t.co/msK68XoY7T http://t.co/ykWKx0QKtX,1,True
780,Senators have another year to determine Hoffman's v... #ColoradoAvs #NHLAvalanche http://t.co/CIzZOc6f0D http://t.co/PEmYHD3Nfz,1,True
792,@90sAngelicMalik listen to wtm avalanche and take a deep breath,1,True
793,Now there's an avalanche... These men are lunatics #livingontheedge,1,True
825,I liked a @YouTube video from @screwattack http://t.co/W5dLLV48cs Knuckles punches into DEATH BATTLE!,1,True
850,Latest fallout from biolab safety lapses: FedEx no longer will transport anthrax &amp; select agent research specimens http://t.co/4iOOyIbxyo,1,True
865,In offbeat news @fedex has stopped shipping bioterror pathogens http://t.co/gvXXidHOlF,1,True
900,@bbcworld Bioterrorism drones can reach large populated erea.,1,True
904,@DebtAssassin They forget there is the threat of bioterrorism.,0,True
909,Anthony Kimery Discusses #BioTerrorism on SyFy Channel's 'Joe Rogan Questions Everything' http://t.co/zckJWAcRCs,1,True
913,Uganda Seen as a Front Line in the Bioterrorism Fight,1,True
914,Ppl living w/ HIV have been charged with aggravated assault and bioterrorism for things w/ low or no risk of transmission. #HIVIsNotaCrime,1,True
922,To fight bioterrorism sir.,1,True
925,@prsnvns that's good to hear. Mine could be better but I can manage. It's alright you do what you have to. Bioterrorism doesn't wait.,1,True
954,I liked a @YouTube video from @ashens http://t.co/yC9tywuzQm Blaze / Atgames Handheld Mega Drives | Ashens,1,True
967,Omg i need to go like yesterday ???? https://t.co/3oP6G7ovzO,1,True
1013,HAPPENING NOW - FDNY RESCUE 1 BLAZING THRU@AND BLASTING THE AIR HORNÛ_ https://t.co/bX6cwRt8M7,1,True
1047,You cut me open and I keep bleeding. #BleedingLove #LeonaLewis #acapella #singer #canadiansingerÛ_ https://t.co/51pfEIlPNK,1,True
1063,@Aichmomanic wraps a cloth on my wound but it's still bleeding 'I'll be ok.' Falls to the ground as if I'm going to die,1,True
1116,That stadium blew up!!,1,True
1133,.@WestmdCountyPA land bank targets first #Latrobe building in 20th property acquisition to fight #blight: http://t.co/regDv873Aj,0,True
1135,Lots of talk of how susceptible NY2 is to shoot blight with or without trama. #WCFGT2015,1,True
1137,Help fight Northern Corn Leaf Blight with Headline Amp https://t.co/LVoqPgkLI7,1,True
1158,2:20 BLIGHT ?? EVERY DAY,1,True
1169,"This is the Red Eye crossing the ocean
Peeling potatoes with servile devotion...

#BLIGHT!",1,True
1194,@EddieTrunk Blizzard of Ozz,1,True
1266,seeing more blood and surgery than a regular GP behind a desk and they say dentists aren't  real doctors .... Ok,1,True
1370,@MalikChaimaa I hope Zayn gets blown up in a drone attack whilst visiting family in Pakistan ??,0,True
1377,@bmrow At first thought it was a blown-up DVD as I'm pretty sure POST MORTEM had been years back.,1,True
1398,"#3682 Nikon D50 6.1 MP Digital SLR Camera Body 2 batteries carry bag and charger http://t.co/TeT9q0kXvl

$200.00
Û_ http://t.co/h3XgoxTFfi",1,True
1413,"#7294 Nikon D50 6.1 MP Digital SLR Camera Body 2 batteries carry bag and charger http://t.co/SL7PHqSGKV

$200.00
Û_ http://t.co/T4Qh2OM8Op",1,True
1435,Bagging the last spot on Body Attack ?????? #getin #traintuesday #lesmills,1,True
1512,"Fairfax Co. investigating firefighter Khalil Abdul-Rasheed for Facebook post saying police shld be put in body bags

http://t.co/VpvskCIyro",1,True
1528,Womens Flower Printed Shoulder Handbags Cross Body Metal Chain Satchel Bags Pink http://t.co/vBZqWzNxH7 http://t.co/NXIhHeP1Ea,1,True
1563,@johncusack text: We Dropped The A-Bomb (1946)https://t.co/boJCX32qcZ Û_,1,True
1616,@davej798 @JohnEJefferson remind me when SomaliaEritrea &amp; Nigeria were bombed by UK 28% of asylum applicants to UK 2014 were from S &amp; E,0,True
1620,#SitCTips if you do vlog you WILL get video-bombed.,1,True
1685,Ashes 2015: AustraliaÛªs collapse at Trent Bridge among worst in history: England bundled out Australia for 60 ... http://t.co/l5ULCx4mOm,0,True
1713,Australia's Ashes disaster - how the collapse unfolded at Trent Bridge http://t.co/UqEtEeltVU #telegraph,0,True
1714,#Sport - Shane Warne and Ricky Ponting shocked by Australia batting collapse at Trent Bridge Australian grea... http://t.co/c41iUMknis,0,True
1729,a very scary thought is if 9/11 had happened today their would be teenagers taking selfies in front of the burning buildings,0,True
1736,this is like when folks said ÛÏburning down buildings doesnÛªt workÛÛ_onlyÛ_it did. now cities trying to get information out ASAP to prevent it,0,True
1749,@speechgirlAM On par with caring for the sick helping people move not talking during movies rescuing people from burning buildings...,1,True
1751,@TravDave @Kornbread_ICU especially where it happened. Really nothing to tear up. Burning the buildings saves the city money for real,0,True
1765,.@denisleary Not sure how these folks rush into burning buildings but I'm grateful they do. #TrueHeroes,1,True
1777,"Jane Kelsey on the FIRE Economy
5th Aug 5:30ÛÒ7:30pm
Old Govt Buildings Wgton
The context &amp; the driver for #TPP and #TRADEinSERVICESAgreement",0,True
1778,'Failure doesnÛªt exist. ItÛªs only a change of direction' - Alejandro Jodorowsky (via buildings-on-fire) http://t.co/ByMVemW4xF,0,True
1782,@blainescronuts thats what i would do if there were buildings on fire,0,True
1785,It's a testimony to the human spirit that more of us don't set fire to our office buildings on Sunday night.,0,True
1829,This is why you should be burned at the stake ! https://t.co/YpezipY2NY,1,True
1879,@JanelleBrown117 YES! We are comrades in sweat-seeking calorie-burning cardio-torture! We need all the support we can get- smile nod wave,1,True
1884,WoW Legion ÛÒ Slouching Towards The Broken Isles: Warlords of Draenor wasnÛªt close enough to The Burning Crusad... http://t.co/RKpmoMQMUi,1,True
1891,@TheVenskus you led a killer workout today @TheSweatShoppe my core is burning. Now #gymtime #worktime #auditiontime #roccotime #noBS,1,True
1896,Burning bridges is my forte!,1,True
1926,15 Amp is common 120V breaker trip threshold to protect 14 AWG wire (commonly used in buildings) from burning. 1800W power outlets results..,0,True
1946,I liked a @YouTube video http://t.co/EYma5CRlHk Mega Man ZX OST - T17: Ogre Claw (Area G - Burning Buildings),0,True
1947,.@denisleary Not sure how these folks rush into burning buildings but I'm grateful they do. #TrueHeroes,1,True
1970,What if we used drones to help firefighters lead people out of burning buildings/ help put the fire out?,0,True
1974,'When you attack PP you attack women's health &amp; when you attack women's health you attack America's health.' http://t.co/HXdG24MCQg,1,True
1993,[WATCH] Mother Nature halts Australia Blue Mountains bushfire http://t.co/xxA4rmFZ01,1,True
2002,If you like goats and dislike bush fires then this is probably the video for you http://t.co/93VacQM4b1,0,True
2008,All these Eugene fires gotta make you think.... Hashtag conspiracies hashtag population control hashtag bush did it,1,True
2011,Warfighting Robots Could Reduce Civilian Casualties So Calling for a Ban Now Is Premature http://t.co/yvYgTcAz7k,0,True
2041,"Obama 'lambasted 4 not being respected &amp; 4 being a jokeÛ
Would #Trump prefer more civilian casualties?
http://t.co/gxQMDMzA1u
#GOP
#maddow",0,True
2052,Let's appreciate that the group of people that everyone hates so much the police prevented mass casualties today in Nashville.,0,True
2065,"#LegalJobs Litigation Attorney in Scottsdale AZ:  Claims Specialist II Casualty Bodily Injury 
The can... http://t.co/zqrQEg3Cxl #Jobs",1,True
2079,Georgian wines have become a casualty in Russia's political campaign against the Ukraine: http://t.co/wCo724AmPl,0,True
2092,charlie from casualty at the ashes https://t.co/jDlYmGuHwW,0,True
2137,Gaza 2014 - The Summer of Catastrophe https://t.co/gm3YI1D1dV #gaza #palestine #israel #BDS,0,True
2152,@BarackObama hello Mr. President there is a really big problem in Puerto Rico regarding the water situation no more like a catastrophe...,0,True
2155,Alaska's #Wolves face catastrophe Alexander #ArchipelagoWolves population plummeted 60% in 1 yr. Be their voice:  http://t.co/vCpKdbnSfp,1,True
2165,Something Catastrophic Is Coming: Should We Tune Out? http://t.co/iTkCRpqgn0,0,True
2166,[WP] Following a catastrophic event the United States is decimated. The President prepares his first post apocalyÛ_ http://t.co/6eCMRxUyR6,1,True
2180,'How should a society respond to a looming crisis of uncertain timing but of catastrophic proportions?' http://t.co/rIiesTP9zY,0,True
2182,"Dear @CarlyFiorina Will you or anyone in your family be alive in 2040?

#climatechange #GOPDebate 

 http://t.co/j7Q2ySOMvR

#FeelTheBern",1,True
2196,@_LalaDeviluke - consequences could have been catastrophic. I was also informed by the security A.I *Mute that you were primarily -,1,True
2201,I suffered a catastrophic pants failure at work today. I resorted to tying my jacket around my waist til I got to a thrift store. #trustory,1,True
2208,Something Catastrophic Is Coming: Should We Tune Out? http://t.co/ftrdbbaKqv via @po_st,0,True
2228,Emergency services called to Bacup after 'strong' chemical smells http://t.co/4GaJhSPfwl,1,True
2232,Rossendale: Emergency services called to Bacup after 'strong' chemical smells http://t.co/hUDTl2HdSV #rossendale,1,True
2247,@bendwavy emergency chemical rinse,1,True
2249,Emergency services called to Bacup after 'strong' chemical smells http://t.co/hJJ7EFTJ7O,1,True
2287,"Video: Man rescued after 80ft cliff fall at Shaldon
Read more: http://t.co/efQCLTEVlr http://t.co/4gQy7ziMfC",1,True
2310,Greece's tax revenues collapse as debt crisis continues http://t.co/V5yyzNGRBZ,0,True
2338,Technical Collapse -&gt;  http://t.co/BfJB5H4tuW     $WLB Down -3.43% to New Low http://t.co/cSXEKREDUg,1,True
2353,Greece's tax revenues collapse as debt crisis continues: As talks continue over proposed âÂ86bn third bailout ... http://t.co/7w2WiEFjuq,0,True
2365,I used to have a good time from June to about July 10th then my summer just collapsed smh,1,True
2369,i remember when i was little and i didnt want to say the pledge and the school collapsed and pit to hell opened,1,True
2393,3-pronged inquiry launched into collapsed #HongKong furniture retailer DSC http://t.co/Tg3ukIsgEN @scmp_news http://t.co/An5LpimNfA,1,True
2404,We had a room full of people lifting up Collide in prayer!! We are so excited for Friday night!! http://t.co/645dYNAMy8,1,True
2444,"When transgender Sam takes runaway Lizzie in two very different worlds collide as they explore unjust boundaries and trust.
Sam(uel)
#books",1,True
2448,Trump &amp; Bill Clinton collide in best conspiracy story ever http://t.co/ABkhBhNLOz via @motherjones TRUMP DEMOCRATIC PLANT?  lmao #lastword,1,True
2526,that collision daaamn,1,True
2596,.@Emily_Noel95 @SterlingKnight @joeylawrence @ABCFmelissajoey that car crash was pretty fun to film  #melissaandjoeychat,0,True
2601,The Crash And A New Depression ÛÒ The Seeds For The Next Crisis Have Already Been Sown http://t.co/IsN9HdZ4cp,0,True
2607,Husband's back from Edinburgh and crashed out. One young adult's has got a raging temperature the other's gone out and I'VE NOT HAD ANY TEA,0,True
2618,@thomicks Isn't showing up for me. I think it crashed.,1,True
2630,@PahandaBear @Nethaera Yup EU crashed too :P,1,True
2638,Got a ticket &amp; my car got crashed  man life's great !,1,True
2646,Website Malfunctioning? PHP Scripts not working? Database Crashed? Need a Unique Script? PHP PRO to the rescue! http://t.co/LadH9Oo086,1,True
2652,The last few days have proven how popular the #BBC is. Over 9m watched Bake Off and iplayer crashed due to cricket commentary.,1,True
2699,omg I have a huge crush on her because of her looks. ... ÛÓ Not necessarily I dont think so! She is looks way be... http://t.co/xqmaTI4GI6,1,True
2746,@Brandon_Warne MLB has that ball at 462 feet.  Absolutely crushed.,1,True
2751,@Spicenthingsup wtf!? I can't. The love bit. I really think that's how she feels. Massive crush that got crushed.,1,True
2754,@GhazalaBaji : Exactly!  Curfew like situation when I sit with dad,1,True
2762,Black African refugees in 'Israel' cannot attend Kenye West concert due to curfew for black refugees.. http://t.co/S0usjQYIJe,0,True
2775,@CurfewBeagle @beaglefreedom Pretty Curfew!!!??,1,True
2779,everybody like fuck curfew.. and i'm sitting here like i'll be in bed by 12.,1,True
2804,Happy to report all is quite in the TROPICS. Cyclone Development not expected at this time @CBSMiami @MiamiHerald http://t.co/vI5oVsaHqL,0,True
2806,The revival of Cyclone Football begins today!!  Be there September 5th!!,0,True
2812,@orochinagicom GIGATECH CYCLONE,0,True
2837,Waige driving like a Badass #ScorpionPilot #Cyclone @ScorpionCBS,1,True
2848,"#LocalEventCountdown:
8. Curtain opens on The Black Cyclone in Shelby tickets &amp; info: http://t.co/v7dCz5DJDj #rstoday",0,True
2919,In my post today I talk about the dangers of interruptions. Do they annoy you?http://t.co/zh6AusFbwh,1,True
2923,@TheElmagoo @GOPTeens @FoxNews @pattonoswalt anyone who actually plays that drinking game is in serious danger of alcohol poisoning,1,True
2951,@unitedutilities not happy I received text now about #Parasite danger.I am a #transplantee &amp; #Virus can kill #kidney https://t.co/9AasSFrdP1,1,True
2962,dead  https://t.co/ESsxzdTcQJ,1,True
2978,Nooooo the village hotty is dead ???????? #Emmerdale,0,True
2985,I don't reckon Ross is dead actually they said 'has' Pete killed his own brother Ross has survived so much to just die from that??,0,True
3007,@baeffee @RandomPelar the black death (black death whoo!),1,True
3028,@ITristonTyler CONFESSION when I was little I had a hamster and my room was so cold it froze to death!?? OOPS......,1,True
3031,This wall is going to be the death of me...due to the years of water leaks and lack of maintenanceÛ_ https://t.co/PVd2fYBa0q,0,True
3041,#Spirituality - Born Again-Spiritual Awakening And Near Death Experiences http://t.co/Z0UGKqi6kM @Charlesfrize @Frizemedia @Dynamicfrize,0,True
3069,Bigamist and his 'first' wife are charged in the deaths of his 'second' pregnant wife her child 8 her motherÛ_ http://t.co/t5HwUnjK7g,1,True
3076,HEALTH FACT: Women account for 39% of smoking deaths. http://t.co/fSx2H9XAkI,0,True
3094,Bigamist and his Û÷firstÛª wife are charged in the deaths of his Û÷secondÛª pregnant wife her child 8 her mother her nephew 1 and their uÛ_,1,True
3098,Bigamist and his 'first' wife are charged in the deaths of his 'second' pregnant wife her child 8 her mothe... http://t.co/RH15gGSgQG,1,True
3103,Is a wing part enough to solve the MH370 mystery?: http://t.co/ys2bveKlxK,1,True
3250,"deluged dismay so
soon surrendered summer drought
descending disturbed

#sunrise#haiku #poetry #wimberley #atx#smtx http://t.co/z9FDebg5Fm",0,True
3258,Salvation Army bid to demolish cottages http://t.co/3kuXonOchl #Southend http://t.co/enQaSCGFyw,1,True
3294,No Shane I'm sorry you are wrong. You were propagating that an all out attack would demolish England #reversal,1,True
3310,It was finally demolished in the spring of 2013 and the property has sat vacant since. The justÛ_: saddlebrooke... http://t.co/7FOnHQtlyv,1,True
3331,Uttarakhand: Journalist's house demolished who exposed corruption - Oneindia http://t.co/Ro1aWWuDYE,1,True
3353,Real-life 'Up' house set to be saved from demolition by charity http://t.co/rdD5Fe1qyJ,1,True
3384,@Johnny_Detroit Tag Team for me was Demolition.  Awesome intro song scary looking and just destroyed there opponents.,1,True
3385,Problem motel nears demolition http://t.co/fKx4IH7kM1 http://t.co/n8VcxGyhQ8,0,True
3392,Photo: mothernaturenetwork: SeattleÛªs demolition-dodging Û÷UpÛª house to live on as affordable housing But... http://t.co/szG0HsNJEw,1,True
3409,@ALESHABELL GM! I pray any attack of the enemy 2 derail ur destiny is blocked by the Lord &amp; that He floods ur life w/heavenly Blessings,1,True
3442,BCC: Premature interest rates increases could derail the recovery: Commentating on todayÛªs interest rate decis... http://t.co/aftpebIkbO,1,True
3479,'We may be derailed right now but we are going to keep holding on to remain on track' -@kristnmalea #DerailingDistractions,0,True
3502,'@WSJ: How a rare lizard derailed Adani GroupÛªs plan to build a huge coal mine in Australia http://t.co/dkNPK6FbE4 http://t.co/BiVShY4q1b',0,True
3577,And the 10 horns which u saw on the beast these will hate the harlet make her desolate and naked eat her flesh and burn her with fire,1,True
3600,desolation #bored,1,True
3616,Watching Desolation of Smaug and I always love catching the cameos. Caught Jackson at the beginning and Colbert just now.,1,True
3698,Media stocks are getting destroyed (DIS FOXA CMCSA SNI AMCX VIAB VIA TWX) http://t.co/dQd3YtaZfG,1,True
3703,Black Eye 9: A space battle occurred at Star O784 involving 2 fleets totaling 3946 ships with 14 destroyed,1,True
3711,Soo..he'll be do a bit of repentance for the children's lives they've destroyed and continue to abuse and for... http://t.co/En3hKXQdD9,1,True
3734,@kaytlinmartinez dude those enormous blizzards we destroyed from DQ ??,1,True
3762,New RAN report from the frontlines of human rights abuses and forest destruction for fashion.: http://t.co/OmpzUyAsle,1,True
3781,Russian authorities to take account of petition against destruction of sanctioned food: Vladimir Putin's press... http://t.co/GUvSVPesZU,0,True
3790,Let this stand as evidence of the horrible destruction potentially wrought by our noble species. https://t.co/sNOO8LQtAD,0,True
3791,New RAN report from the frontlines of human rights abuses and forest destruction for fashion.: http://t.co/5xyE2Rkuri,1,True
3808,"Apollo Brown - Detonate (ft. M.O.P.) [Single] http://t.co/S5mU04L2rl
@ApolloBrown",1,True
3847,First Stearns grenade thought to be WWII-era. This one apparently newer. Bomb squad plans to detonate around 8 p.m. http://t.co/qppTQ6oTat,0,True
3863,Ignition Knock (Detonation) Sensor-KNOCK SENSOR Delphi AS10012 http://t.co/LArrNhoBsN http://t.co/6YwZWmxFDP,1,True
3871,Detonation fashionable mountaineering electronic watch water-resistant couples leisure tabÛ_ http://t.co/GH48B54riS http://t.co/2PqTm06Lid,1,True
3878,Detonation fashionable mountaineering electronic watch water-resistant couples leisure tabÛ_ http://t.co/RqOvPljpse http://t.co/UhKwVSoWSt,1,True
3880,Ignition Knock (Detonation) Sensor-Senso fits 90-96 Subaru Legacy 2.2L-H4 http://t.co/pcCksm1tVM http://t.co/yWzngj7uow,1,True
3885,Ignition Knock (Detonation) Sensor-Senso Standard KS225 http://t.co/IwrCPmjOah http://t.co/zZMM9xEccW,1,True
3891,WATCH: Israel performs controlled detonation of land mines on Golan Heights - Jerusalem Po... http://t.co/0Y07oA5UeX #israel #israelnews,0,True
3910,VAL JUST DIED AND IM ABSOLUTELY DEVASTATED #emmerdale,1,True
3965,#CNNHoTD soccer mom wild swimming handcuffed child teen hookup case nuclear devastation showers Miss Piggy... http://t.co/XG9s40AFtZ,0,True
3966,The Dones felt grief bordering on devastation at losing connection with God through their church communities. Packard http://t.co/r2pQQPfqCt,0,True
3978,Devastation Walkthrough Part 11: http://t.co/BOjDByB9YA przez @YouTube,1,True
3985,Is This Country Latin America's Next 'Argentina': One week ago we reported on the economic devastation in he o... http://t.co/J3rcOflDyA,0,True
4002,Trying to route my sister into W. Lafayette from the Indy airport. Suggested I-74 to SR 25 west of Crawfordsville. Hope it's not a disaster.,0,True
4004,Time to End the Disaster of Rail Privatisation http://t.co/ksxznPY5gt,0,True
4031,Disaster [Chapter 27] https://t.co/EAsxT3y84R http://t.co/CjUFunsDKg,1,True
4035,Deepwater drill company gains $735m: Transocean one of the companies associated with BP's Deepwater Horizon oil well disaster recoversÛ_,0,True
4067,Angry Woman Openly Accuses NEMA Of Stealing Relief Materials Meant For IDPs: An angry Internally Displaced woman... http://t.co/C1vzJOr2qz,1,True
4069,Oof. Vikings took an island off the mainland. The noble house who ruled there got displaced... into my county. Welcome new vassals!,0,True
4070,Job event targets displaced Double 8 employees http://t.co/2SJaaDRYdc http://t.co/RovTa5EUQO,0,True
4071,It's crazy how far in advance you feel the air displaced by a subway car before the train itself shows up.,0,True
4106,The Best Drought-Tolerant Perennials http://t.co/AdZONC7Olv http://t.co/ih9iTMhFjZ,0,True
4115,I thought it was a drought,0,True
4126,You can't use as much water in a drought as you can with a flood!,1,True
4136,@jonbuda What if the drought is just a giant marketing campaign for Star Wars where they turn California into Tattooine?,0,True
4144,I swear theres a bud drought,0,True
4192,absolute drown your Wagyu steak in heaping piles of moist Smuckers Grape Jam,1,True
4193,Drown me you make my heart beat like the rain.,1,True
4228,Jeff was bullied Sally was raped Ben was drowned Hoodie was betrayed LJ was abandoned EJ was a sacrifice Lost S.. (http://t.co/mFl7jzspOu),0,True
4236,@BenWunsch I ALMOST DROWNED AT SEA,1,True
4249,Having such a hard time with everything im drowning literally,1,True
4254,Boy saves autistic brother from drowning: A nine-year-old in Maine dove into a pool to save his autistic broth... http://t.co/pihUIaOR5O,0,True
4259,If you told me you was drowning. I would not lend a hand!,1,True
4263,@TinyJecht Those eyes.. desperate like a mouse drowning in a septic tank.,1,True
4277,I have the experience performing cpr on a actual drowning victim.,1,True
4290,Migrants drowning - we will be erecting monuments 100 years from now and shed tears for the most powerful nations' greed of letting them die,1,True
4291,Drowning doesn't sound half bad rn,1,True
4294,Boy saves autistic brother from drowning #NewsVideos http://t.co/8NZt51ew14,1,True
4311,recent project (Dust Storm ). :) http://t.co/jmj9izVvzO,0,True
4338,@whatupdave Headline in 2075 'Dust Storm on Mars Destroys 1% of Money Supply',0,True
4367,@lizXy_ IMAGINE IF AN EARTHQUAKE HAPPENED,0,True
4370,Manuscript suspiciously rejected by Earthquake Science Journal could rock your world https://t.co/6vBQEwsl1J viaYouTube,0,True
4420,drinking pepsi im afraid i might spill some and then my headphones electrocute me.,1,True
4431,I broke my charger. Hella trying not to electrocute myself and die rn ????????,1,True
4439,#KCA #VoteJKT48ID JoelHeyman: My loose understanding is: @ 750k subs AH will electrocute then eat Michael. Don't want 2 influence anythinÛ_,1,True
4502,11000 SEEDS 30 VEGETABLE FRUIT VARIETY GARDEN KIT EMERGENCY SURVIVAL GEAR MRE  - Full reaÛ_ http://t.co/VE78djgHa5 http://t.co/ugubwRPQFP,1,True
4540,Emergency hop kit? ;) jk  https://t.co/MkbQ2YE4Wq,1,True
4552,Municipal Emergency Plan deactivated! Crisis averted.  https://t.co/37L4qUAAVu,0,True
4555,"119 Sri Lanka's 'Emergency' Line. 
Busy for the past 30 mins. 
Suppose I need to plan my emergencies better. #SL #RT",1,True
4572,Do you have an emergency drinking water plan? Download guide in English Spanish French Arabic or Vietnamese. http://t.co/S0ktilisKq,1,True
4612,Ballina emergency services have again been activated following a shark sighting of what has been described as two... http://t.co/Eu5tKTptpW,1,True
4613,Call for Tasmania's emergency services to be trained in horse rescues http://t.co/zVQwLpScSC,1,True
4618,Human Resources Processes Streamlined Insofar as Emergency Services Organization...AbboG,1,True
4647,@bodminmoor1 experienced the expertise of some of Cornwalls finest emergency and rescue services!,1,True
4653,He came to a land which was engulfed in tribal war and turned it into a land of peace i.e. Madinah. #ProphetMuhammad #islam,0,True
4721,@crown_769 I'd rather have an ass in fire. At least I'd know whatever I eat will evacuate. Heartburn sticks around.,0,True
4727,SALHA(1):HARRY STYLES(2)U KNOW WHERE IS UR P_EOPLE#HURRY#EVACUATE THEM FROM#HELL.#JUST SHAHADA&amp;'PICK#ME'.#CLASS_SICK http://t.co/UpdDVr6jva,1,True
4763,UPDATE: Evaucation order for Roosevelt WA has been lifted: http://t.co/2NV0wHDLut,1,True
4815,my school is so fucking dumb they just set off the evacuation sirens on accident,0,True
4818,Even tho Im getting 40%money back due 2 veld evacuation nothin could make up for missing @DVBBS @HARDWELL @aboveandbeyond #stillnotoverit ????,0,True
4837,Evacuation drill at work. The fire doors wouldn't open so i got to smash the emergency release glass #feelingmanly,1,True
4861,@wyattmccab you'd throw a can of Copenhagen wintergreen on the ground that would explode on your enemies and give them mouth cancer,1,True
4886,im sooooooo full my stomach is going to explode,1,True
4916,The fact checking machine must have exploded today following @POTUS #IranDeal speech.,0,True
4928,Holy hell the bathroom on car 649 smells like is exploded... @Metrolink,1,True
4930,"that exploded &amp; brought about the
beginning of universe matches what's
mentioned in the versethe heaven and Earth
(thus the universe)",1,True
4932,Our electricity just fucking exploded they're trying to fix it now,1,True
4933,I didn't even know pens still exploded like that...ink everywhere,1,True
4941,I can't take advantage of Smith Micro's deals right now because exploded car (hint hint shironu_akaineko AT... http://t.co/qbCTxPwhYP,1,True
4960,Fun. Hobby Lobby exploded in this home. http://t.co/TT5L40sjaI,0,True
4999,@MrBrianORL at least they didn't try and put a straw in the liquid one #Explosion,0,True
5009,RASaudAuthor: #Pyrotechnic #Artwork by #CaiGuoQiang Explodes into a Blossom on the Steps of the #PhiladelphiaMuseuÛ_ http://t.co/pJE607uXlp,0,True
5023,#Fracking #Ecocide Eyewitness to Extreme Weather: 11 Social Media Posts that Show Just How Crazy T... http://t.co/dEdDH8Rme8 #Revolution,1,True
5042,With all due respect @RepMikeRogersAL y would u completely disregard ALL eyewitness accounts on Benghazi? #WereNotGruberVoters. #PJNet,1,True
5093,I would rather dwell in the land of famine and be in God's perfect will than to rest in the confines of Egypt... http://t.co/P14oePCrW0,0,True
5163,Las Vegas in top 5 cities for red-light running fatalities - News3LV http://t.co/rEt82MdQnG,1,True
5205,Wow 3 are WSEA RT @KING5Seattle: Seattle's deadliest red light runner intersections revealed http://t.co/zqUsy2k4ws http://t.co/OX6dHXEUwe,0,True
5217,Flourishing sleigh bell an toothsome transit fatality: oNrhPz http://t.co/gB4W3T7b3T,1,True
5250,. @paulrogers002 Many #cancers which had a very high fatality rate 30 years ago kill a lot less today. #Oncology has achieved a lot.,1,True
5261,@Dat_Vi fear of the unknown eh.,1,True
5268,'Bear Markets Are Driven By Fear And Fear Has Taken Over Many European Markets. Don't ... - http://t.co/MlaxoJ1kCJ http://t.co/yGfgndIBpo,0,True
5314,@21Joseph fire,1,True
5329,I just got electrocuted by my #HP Chromebook charger it sparked and caught fire #HP http://t.co/UBywQHoaWr,0,True
5334,I just watched Halt and Catch Fire 2x10 'Heaven is a Place' https://t.co/jcPxOrV3AU #trakt,0,True
5364,What a night! Kampers go on vacation to end our Dream Job party where fire truck sprays the pool with a hose! http://t.co/if0BiyubC4,1,True
5370,Ltd Toy Stamp &amp; Vintage Tonka TFD No 5 Pressed Steel Pumper Fire Truck  - Full read by eBay http://t.co/hTvyEnXCBS http://t.co/xSvPzxYRe3,1,True
5388,@dmon2112 @C_T_Morgan but the fire rings of NYC permits I'd have to jump through for a food truck don't make it appealing,0,True
5394,Mark your Calendars: Fire truck parade returns to Raleigh! http://t.co/QGCAqdfEKf,0,True
5414,'We must educate first responders about how to adapt to emergencies involving an #autistic individuals.' | http://t.co/JIeB3lsZqc,0,True
5422,First responders tell me he is lucky.... had someone riding with him today. http://t.co/jc16CZn0NC,1,True
5424,"Good Day Columbia: First Responders Memorial with Sallie ... 
#MEMORIAL_DAY #MEMORIALDAY
 http://t.co/qW3uNfV8Kb http://t.co/hgxMBmrDa3",0,True
5427,'An alarming trend among first responders is raising concerns for local fire departments in Colorado and around... http://t.co/Iqr6v6DTHr,0,True
5433,Attention Service Members Veterans Educators First Responders in Jacksonville FL http://t.co/4UrtBEAcE5,0,True
5435,@pnppro1 Warm Up exercise of the trainees on Basic First Responders Training Course. http://t.co/vdbj2o0IYX,1,True
5447,Allergan Kicks off REFRESH AMERICA Program to Supply First Responders With Free Eye Drops http://t.co/0OjKuLqO5I http://t.co/wkmcPmCtgu,1,True
5451,Please pray for employees  residents and first responders.  #myhometown #livesmatter https://t.co/tdeS8MEAR2,0,True
5453,Every time I get on the news I see more sadness and needless death. To all my first responders still on shift tonight go home safe. ??????????,1,True
5463,flames everywhere ???? https://t.co/cG9GAkbPta,1,True
5470,the fires of hell for Julie #Extant writers....she better go down in flames when this is all over...#Extant,1,True
5543,Flattened via IDEAS IN FOOD - A cheesecake brownie does not always have the aesthetic we are ... http://t.co/oRSmW5Airj,1,True
5562,Spot Flood Combo 53inch 300W Curved Cree LED Work Light Bar 4X4 Offroad Fog Lamp - Full reÛ_ http://t.co/E6BnWxFtkb http://t.co/Ww2uVHRy89,1,True
5574,2pcs 18W CREE Led Work Light  Offroad Lamp Car Truck Boat Mining 4WD FLOOD BEAM - Full reaÛ_ http://t.co/0AIV5KhZjv http://t.co/q6HHZbFxCv,1,True
5591,How did I know as soon as I walked out of class that Calgary would flood again today,1,True
5597,12' 72W CREE LED Work Light Bar Alloy Spot Flood Combo Diving Offroad 4WD Boat - Full readÛ_ http://t.co/8Mk9TD4RRL http://t.co/W20rH3Ai9J,1,True
5607,12' 72W CREE LED Work Light Bar Alloy Spot Flood Combo Diving Offroad 4WD Boat - Full readÛ_ http://t.co/EBJz2MxLr3 http://t.co/jvVD8smJMw,1,True
5615,@Schwarzenegger @FoxNews you won't because Dems are focused on flooding our borders with illegal immigrants to add to their voters. #EndofUS,0,True
5623,Awh damn  I just realized yall gone flooding my TL with school shit and Ima be like .. ??,1,True
5630,#NYCHA says the pipe that burst and flooded apartments in a senior center is being repaired. http://t.co/eCyui3290H http://t.co/6S6sYUYypL,1,True
5639,"@caseyliss def - and donÛªt even fathom when there is bad weather / flooding ??

#byebyeroad",0,True
5666,OFA outfit floods net w paid OFA trolls &amp;automated netbots that spam any story that is not complimentary of the One http://t.co/hNlSDLhmB9,0,True
5682,all cats are in....time for the floods.......,0,True
5691,VIDEO Facing Up To Persecution ÛÒ Pastors Silenced ÛÒ MB Obama holds Iraqi Christian asylumÛ_ https://t.co/qrtUzfHOdw http://t.co/xBNRPS8xHO,0,True
5738,+Cossacks+hussars oo hd riggd up rough shelters N th glade+were kindlng glowng fires N a hollow v th forest where th FrNch could not C th,0,True
5768,'People come and go. Some are cigarette breaks others are forest fires.',0,True
5802,Which version of All Hail Shadow you do you like more Magna-Fi's or Crush 40's? ÛÓ Crush 40s. http://t.co/oGs6d0p3RB,1,True
5823,i survived what you tried to destroy you're not a man just a boy,1,True
5846,#yyc #hailstorm #christmas came early https://t.co/f0A2IIzx3A,0,True
5857,Get out of the hailstorm and come down to @TheBrokenCity 2night at 9PM to catch a screening ft. @thebanffcentre! There will be BEER + FOOD!,1,True
5859,It looks like all the trees in my yard had a Britney Spears style meltdown. #Bald #Hailstorm,1,True
5924,@Norcinu @TheBodyShopAust @thomaldo tiny plastic beads used in cosmetics (scrubs toothpaste) doing great harm to aquatic ecosystems.,1,True
5926,Politicians are using false allegations to attack #PlannedParenthood &amp; harm women. We aren't fooled we #StandwithPP http://t.co/bIE5pfR2Ac,1,True
5945,@mishavelgos @MattBacal8 @ComplexMag this is so accurate I can't even speak haha... Comparing hazard to harden is so true,1,True
5951,OEM 2001 Volvo XC70 Center Dashboard Hazard Lamps Control Switch w/Vent Panel http://t.co/VXixYcbbtH http://t.co/HSDonZ49hd,1,True
5967,"@fplhints hazard depay ozil Ritchie .
Should I go with 3 crazy strikers or 4 midfielders ? #fplboss",1,True
5971,Choking Hazard Prompts Recall Of Kraft Cheese Singles http://t.co/98nOsYzu58,1,True
5986,#ine #instyle Olap #world pres: http://t.co/PJaY74M2Fi How To Recognize A Hazardous Waste And The Multidimensi http://t.co/vr3wlQXl0G,0,True
6035,"I added some dumb ideas to beat the #summer heat cheaply
 http://t.co/jatxpAFvA9 @brokelyn #brokelynati",1,True
6040,New Post: Diff Durden  - Heat Wave - CA - http://t.co/jGjgR4o5K0 Vote On Blog #DHHJ #HipHop #Chicago #NP http://t.co/1W10uKVHoo,1,True
6063,@sportguyshow the heat wave ends really tomorrow but still time for another one to build. Only other thing that ends the heat is Autumn.,1,True
6077,@facilitydude shares how to handle the heat and keep your cool http://t.co/ekEd6BulsZ  #facilitiesmanagement,1,True
6079,God the past few nights have been awesome but tonight it looks like the heat wave is back ?? can't breathe in my room!,1,True
6080,http://t.co/OYMLNLHEca So important to stay hydrated in the midst of this heat waveÛ_ ?? Û_ http://t.co/EXLQxSa0i8 http://t.co/M3TiNl4NUX,1,True
6101,Hellfire is surrounded by desires so be careful and donÛªt let your desires control you! #Afterlife,1,True
6124,Come watch @QelricDK bash some face in Hellfire Citadel! http://t.co/juQIuN2mhg,1,True
6136,"APC needs to watch all these PDP defecting to APC 

Patience Jonathan On The Move To Hijack APC In Bayelsa State http://t.co/zzMwIebuci",0,True
6139,Himika Amase is the only prophet in the world who foresaw 'hijack in March' as it was on her Jps Twitter in Feb 2014. malyasiaairlines. ???,1,True
6149,Biggest security update in history coming up: Google patches Android hijack bug Stagefright http://t.co/LTid39bKBE,1,True
6157,Chrysler Jeep wirelessly hacked over internet to hijack steering brakes and transmission face lawsuit - should all consider #ISO27001,1,True
6168,hijack,1,True
6176,Swansea ?plot hijack transfer move for Southampton target Virgil van Dijk? http://t.co/PYL26NFEn8,1,True
6212,@JagexSupport can u remove the email of the hijacker pls !! YKJL is my ign. i need to recover but pls block so they dont break bank pin!,1,True
6236,#hot  Funtenna: hijacking computers to send data as sound waves [Black Hat 2015] http://t.co/EZ1TpCzJzo #prebreak #best,1,True
6264,MomentsAtHill everyone hijacking NuNus and timas bikes ????,1,True
6266,But is feast.dll still vulnerable to DLL hijacking?  https://t.co/3vaig1PtYk https://t.co/BZDNKpOry1,1,True
6270,@ReasonVsFear 'One?'  Oh nonononono.  This hijacking's been going on forever but I've seen it about a dozen diff places today alone.,1,True
6286,Chris Brown's aunft was 'held hostage in a closet by armed intruders at his LA home while sin http://t.co/i1Fhb8QSZ7 http://t.co/7C5BG48BRJ,0,True
6288,Ya kisses hold me hostage &amp; I don't wanna stop it. I only wanna give it to you,1,True
6290,"Oh god Diane is following them to the hostage exchange in a taxi. 
#RandomActsOfRomance",1,True
6295,Concealed Carrier Rescues Hostage Captures Naked Attacker http://t.co/uLy5hM6PqR,1,True
6313,Bit-Defender hack ÛÒ Held Hostage!: Late last week it was discovered that antivirus vendor ... http://t.co/2vC8CSTWy5 #damballa #infosec,1,True
6353,How until put out manorial shaped gnocchi near thine hostages to fortune: RBpK,1,True
6359,@JoeNBC IRAN: NO SNCTIONS INCL MILTARY$150BILNO INSPCTKPS HOSTAGESTHROSW ISRAEL TO GUTRKPS NUKE SITES U.S HLPS W/NUKES GET 'ZERO!',1,True
6367,@IndiaToday @Iamtssudhir Time for India to join global war against ISIS cant sacrifice national interest to save hostages! #NationFirst,1,True
6379,@Deosl86 That does nit change the fact extracting hostages is pointless,1,True
6401,@al_thegoon i like hurricane habor next to slix flags but they got like 8 rides but they wavy &amp; hershey park,0,True
6419,"Would you blow me kisses
If I kept my distance?
Would you send a hurricane
As proof of your existence?",1,True
6431,Happy birthday bro ?? @Hurricane_Dolce,1,True
6433,I'm a hurricane.,0,True
6442,@NewsBreaker @sothathappened SO wheres the story? Anybody injured? Where did this happen?,0,True
6488,@EdmontonEsks SB Adarius Bowman says team leadership and depth have helped through some key injuries https://t.co/hCnmZsfNcI #yeg,1,True
6496,8/5 Arizona Cardinals news: Jaron Brown makes headlines minor injuries continue to build http://t.co/QxKncvlrh1 http://t.co/KJnhNPMxGr,1,True
6521,Let's be thankful most of these injuries are minor &amp; it's still camp. Relax a little #birdgang. No one is cursed &amp; no injury bug hit.,1,True
6544,incident with injury:I-495  inner loop Exit 31 - MD 97/Georgia Ave Silver Spring,1,True
6558,Ankle injury to keep SpursÛª Marjanovic out of Eurobasket http://t.co/UBCggEHqyN #spurs #NBA,1,True
6562,nflweek1picks: Michael Floyd's hand injury shouldn't devalue his fantasy stock: Michael Floyd's damaged digits won... Û_,1,True
6578,New post: Texans report: QB battle unaffected by Foster&amp;#039;s injury http://t.co/IgH2PAAHnK,1,True
6581,Ben Heenan carted off the field at @Colts training camp.. No word on how serious the injury is #colts #nfl,1,True
6587,ÛÏWe live in an area thatÛªs inundated with wildlife...If people donÛªt learn how to get along or live with them... http://t.co/KZXV6DWQ6E,1,True
6620,@Rossifumibhai @alexeeles all 6 of them?! As you can see from the pic they were clearly inundated. Good try though,1,True
6633,.@38_degrees Hello. I have been inundated by people Tweeting me about some Unilever thing in India I know nothing about.,1,True
6640,@womanxking Well you're safe in NY. Avoid inundation zones in the pacific north west though.,0,True
6650,@R_o_M by a landslide.,1,True
6659,@kdudakia I get that there has been a massive turn away from Labour but that does not = electoral landslide. Credits tories too much and...,1,True
6671,@preeti_chopra2 @chinmaykrvd many predicted landslide for nitish nd told bjp will loose bihar nd won't even get upper castes votes,0,True
6673,Artifacts found in southern Indiana landslide near Horseshoe Casino http://t.co/BdB0NpgPkH http://t.co/jbCC0KShol,0,True
6685,omg it is I can go in dungeons with Landslide Krag now &lt;3,1,True
6753,World War II book LIGHTNING JOE An Autobiography by General J. Lawton Collins http://t.co/a7iqMhvLSm http://t.co/b9vTkDjJ33,1,True
6771,Lightning express golf trolleys fix ramify pretty much multitudinal areas on thine disposed: kWXGgt,1,True
6777,World War II book LIGHTNING JOE An Autobiography by General J. Lawton Collins http://t.co/ihxkforg4I http://t.co/jD6lcRuOHA,1,True
6791,Lightning http://t.co/9DQhdEi357,1,True
6803,Soon to be loud bang as backpack detonated.,1,True
6818,kiilud: Breaking news! Unconfirmed! I just heard a loud bang nearby. in what appears to be a blast of wind from my neighbour's ass.,1,True
6836,Man Hears a Loud 'Bang' Finds a Newborn Baby in a Dumpster http://t.co/W815ol0mBV via @ijreview,1,True
6851,@AMAAS @JD_marsh22 just carry a gun. No way you get charged when you stop a mass murder,0,True
6859,@noah_anyname Socialism means mass murder. Houze that for 'correlation'?,0,True
6887,http://t.co/FhI4qBpwFH @FredOlsenCruise Please take the #FaroeIslands off your itinerary until the mass murder of dolphins &amp; whales stops.,0,True
6891,@CamPepperr @RiceeChrispies Then he would go to jail. But that wasn't a mass murder was it? It was a mistake that he made and he doesn't,0,True
6902,RT EmekaGift: VPSay NO to President Obama hosting Muhammadu Buhari the #pedophile #terrorist &amp; #mass-murderer,0,True
6924,A Tomb Raider / Uncharted game where Lara Croft / Nathan Drake is finally on the run for being a ruthless mass murderer in the recent games.,0,True
6941,Just now convicted mass murderer James Holmes told the judge he won't use his right to ask jury for mercy in his own words. #TheaterTrial,1,True
6957,embrace the beauty of the massacre that lies ahead,0,True
7079,CommoditiesåÊAre Crashing Like It's 2008 All Over Again http://t.co/EM1cN7alGk,1,True
7082,The meltdown I'm currently witnessing makes it seem like a delayed flight is a true anomaly instead of y'know the expected outcome.,0,True
7083,@ChelseaVPeretti's bit on @meltdown_show was also gold.,1,True
7090,"Byproduct of #metal price meltdown is a higher #silver price
http://t.co/KBC2Ax8Zl9",1,True
7101,Texian Iliad: A Military History of the Texas Revolution by Hardin Stephen L. http://t.co/RrIDS0mrJ1 http://t.co/wybtUk7LbG,1,True
7119,@SocialJerkBlog My husband was in the military and he does that. It ends up in seat shuffling sometimes. ;),1,True
7156,Paul Hollywood 'what happened....looks like a mudslide... It's like chewing on a rubber tyre... It looks a mess...' Oh dear Dorrett! #GBBO,1,True
7170,@picniclester it was a mudslide,1,True
7182,@curryspcworld looks like a mudslide. Unreal scenes.,1,True
7189,@melindahaunton mudslide lady is a good shout,1,True
7222,The Return of Planet-X Book by Jaysen Rand Wormwood Natural Disaster Survivors http://t.co/k8cgZiirps http://t.co/d5sXGvp2pI,0,True
7225,Washi is indeed 'A Natural Disaster' ????,1,True
7233,I added a video to a @YouTube playlist http://t.co/Ei5Z52tohR Natural Disaster Survival ep.7 '2079 Bacon Hair...',1,True
7304,"Nuclear-Deal: Indo-Japan pact lies at the heart of two US reactor-based projects - The Indian Express 

Read more... http://t.co/FMxmNNRDFe",0,True
7314,#NuclearPower Global Nuclear Reactor Construction Market grew 4.5% between 2013 and 2014: Û_ Nuclear Reactor Co...  http://t.co/BXPjjeQDrG,0,True
7349,It is insanity to call Climate Change more dangerous than Muslims wanting to obliterate America and Israel.  https://t.co/aA6S66huXh,0,True
7389,@Wadeycakes @ThunderCastTV you're right Thunder would obliterate you #HEYOOO,1,True
7409,@dinnerwithjulie because its been obliterated?,1,True
7471,[Chaos dancing in the streets | Why did God order obliteration of ancient Canaanites?] http://t.co/P7DLX1wFmC via @Michael_0000,1,True
7485,@KDonhoops Sure! Meek Mill accused Drake of not writing his own raps. Drake responds w/ obliteration of Meek's career. #OldFolkExplainStuff,1,True
7508,Got the gas and the splash like an oil spill.,0,True
7632,I'll be at SFA very soon....#Pandemonium http://t.co/LC1cMx1mPb,1,True
7636,The move Saturday --&gt; #Mirage! 400 N. West st. Raleigh NC 21+ http://t.co/bXdaTWjNHS Tickets at: http://t.co/7hAnPcr5rK,1,True
7660,"Tried 2 4get
Feelings of death
Invading panic spawns
Can't concentrate
No 1 relates
Stealing all the light
Spreading thin a soul in sections",1,True
7710,I deserve a goddamn medal for dealing with this basement flood without panicking,1,True
7734,@milefromhome ??.. Don't.. I'm panicking..,1,True
7757,A man tried to steal my phone I saw ye police near me and punched him and started shouting for them. I ran after him for two miles....,0,True
7786,Now Trending in Nigeria: Police charge traditional ruler others with informantÛªs  murder http://t.co/DQhpm4A5qY,0,True
7792,@longshipdriver the police here in the U.S. need to stop killing people,0,True
7795,chickmt123: #letsFootball #atk WIRED : Reddit will now quarantine offensive content http://t.co/wvn6GrIyPq (httpÛ_ http://t.co/pgIHchdURJ,1,True
7814,Reddit Will Now Quarantine Offensive Content &gt;&gt; http://t.co/WcIzstXk4f,1,True
7819,Reddit Will Now Quarantine Offensive Content http://t.co/KDc97PrQcc,1,True
7820,'Quarantine.' Enforced isolation to prevent contamination that could lead to disease or in some cases death.,1,True
7829,Metal detectors protect public places from guns. Why not mental illness detectors to stop crazy shooters? And quarantine weirdos w/weapons..,1,True
7859,Alabama Home Quarantined Over Possible EbolaåÊCase http://t.co/cGKy5rw9cw,1,True
7884,@famoushorse they haven't applied bans consistently. The Jew hating sub is only 'quarantined',1,True
7886,Alabama home quarantined over possible EbolaåÊcase https://t.co/jr4k7IiSbu,1,True
7896,You knew that Israel is a world leader in lifesaving emergency services. And now looking far beyond Haiti and... http://t.co/49N6YzAjvd,0,True
7901,On 7/30/2015 Radiation council of Japanese government admitted the reform bill to raise the dose limit from 100... http://t.co/6bTeSV9CdM,0,True
7911,DOES ANYONE REMEMBER WHEN 5SOS CAME W 1D ON THE TMH TOUR WE HAD A GIANT RAINSTORM AND LAST NIGHT WE HAD ONE ALSO. @5SOS STOP BRINING RAIN,1,True
7917,Another fun night. My daughter gets a flat tire on her car. Calls and doesn't know how to change it. Worst rainstorm all year. Now she knows,1,True
7931,driving home after a fairly large rainstorm makes me wonder how some of y'all manage to drive when it's dry out,1,True
7947,@WerdEmUp It's already been messed up thanks to an earlier rainstorm. Needs to go in for maintenance anyway.,1,True
7948,Welcome to Avery County! Just your everyday rainstorm. https://t.co/0Lw6GyeAgB,1,True
7951,rainstorm??,1,True
7956,@SavanahResnik @CBS12 I would hide out at the Coldstone at monterrey and us 1. Great place to wait out a rainstorm.,1,True
8011,'imagine an entire aisle dedicated to making people look like serbian refugees.' - director of whole foods clothing section,1,True
8041,Top story: @ViralSpell: 'Couple spend wedding day feeding 4000 Syrian refugeesÛ_ http://t.co/5lMo710D5f see more http://t.co/G9LREAlToJ,1,True
8046,.@PeterDutton_MP Maintaining the integrity of our borders while not maintaining human rights of our refugees. Nice trade off.,1,True
8052,Still wonder why they will do anything to have a life anywhere. Wars u support CAUSE refugees open boarders. #auspol https://t.co/3MjtE74AiW,1,True
8054,"More dirtylying dishonest #refugees for the #UK. 
http://t.co/3m7amh1E33

#WhiteGenocide #gays  #Britain #British http://t.co/FzOv8WcbYI",0,True
8059,@bcook28 @zacktiller30 bring in the rescue squad ??,1,True
8082,Beauty Deals : http://t.co/eUd317Eptp #4552 Lot of 50Mixed Colors 7.5' Scissors FirstAid Princess Care Rescue TrÛ_ http://t.co/mAHkV79SmW,1,True
8090,"Revel8ion Media recently went out to support the 'Rocky Fire' rescue efforts. This is what we filmed.
#RockyFire  http://t.co/Haxz4XLs8d",1,True
8115,Three suspects in police net for kidnapping &amp; trafficking a 4month old Baby from Kontagora to Aba# Baby rescued alive.,0,True
8139,New-born piglet running down a national speed limit road is rescued #oink #Dorset http://t.co/dOMvOx2Oui http://t.co/iEVdj6KBU2,0,True
8192,@CHold ironically RSL call their stadium the Riot,1,True
8220,@Riot_Sweet @jfwong @MtgoDoc @JoshLeeKwai wait.. what dates?? ill be at MSG and PAX =(,1,True
8222,#ModiMinistry Stuart Broad Takes Eight Before Joe Root Runs Riot Against Aussies http://t.co/rc22r1xlIs,1,True
8227,I'm Role Play of Ulzzang Park Hyung Seok. 92 Liners. Be bleased with me. I'll do the same.,1,True
8263,@amiestager there's better alternatives than rioting and if we don't kill them they'll kill us...,0,True
8268,'Dont use \Allahuakbar\'' and start rioting. Do you guys even listen to yourselves? #SHAME''',1,True
8269,@abbydphillip @dahboo7 Shh...it's only OK for the puny 13% black population to get mad.  The gov can't control the majority rioting.,0,True
8275,Why are we not rioting in the streets for change/a future? We outnumber lobbyists! #WakeUpAmerica #CleanPowerPlan http://t.co/sONJy4HK46,0,True
8293,Outrage as dog found buried alive in rubble http://t.co/vrNRrpoHm8,0,True
8302,#360WiseNews : China's Stock Market Crash: Are There Gems In The Rubble? http://t.co/QDwRjmmk89,1,True
8313,ChinaÛªs e-commerce firms Alibaba (BABA) Tencent http://t.co/7VcChEIC5g (JD) are still growing revenue at 40% http://t.co/GQgE7weM3W,1,True
8322,'Hiroshima never recovered and all the evidence was smothered under a thick cloud of rubble..' #jayElectronica,1,True
8323,"@KurtSchlichter Grandpa fought his way across Western Eurpoe mustered out in Guam on his way to the Home Islands.

Bounce the rubble.",0,True
8336,China's Stock Market Crash: Are There Gems In The Rubble? http://t.co/eKO50hD5Gz #market,1,True
8535,"@LordMinion777 *screaming* i can't go!!!
:(",1,True
8602,@kc8ysl Is it wrong to pray for seismic activity along the San Andreas fault? #smh,0,True
8603,"Anti-fracking group seeks review over #Lancashire seismic monitoring:
 
http://t.co/ZzbqmGNUsl #fracking http://t.co/Y23Xzl3fZv",1,True
8605,[10:45:27JST Aug06:First Alert] M4.1 at 'E off Chiba pref.' under 10km (35.8140.8). Estimated max seismic# is 3,1,True
8641,@Statoilasa &amp; @TOTAL make significant discovery in the North Sea: Visualise the full potential on our seismic     #g http://t.co/ve2eBqm21B,1,True
8671,"Sinkhole Selfies: You Wont Believe What's In The Brooklyn Sinkhole!: 
        Sinkhole Selfies: You Wont Belie... http://t.co/OFEbaKatNh",1,True
8682,The sinkhole that ate Brooklyn http://t.co/28r2IgxmIE,1,True
8703,"If you're lost and alone
Or you're sinking like a stone.
Carry on
May your past be the sound
Of your feet upon the ground",1,True
8725,that horrible sinking feeling when youÛªve been at home on your phone for a while and you realise its been on 3G this whole time',1,True
8769,@Kronykal @B30wu1f2 I see no point in countering skewed statements. Dumb statement is dumb.,1,True
8814,I'm falling to pieces and I won't be whole until you let me in ? Heroine by Sleeping With Sirens ÛÓ https://t.co/tQxLQUKq7z,1,True
8818,I was walking past the fire house today &amp; as soon as I walk by the doors they get call and flip the sirens on. I've never ran so fast.,1,True
8820,There was also a calm. Something was going to happen. Suddenly a crash of lightning came through the sky and with it the wails of sirens. --,1,True
8827,Hear the Sirens ?,1,True
8833,Fire truck sirens for the past ten minutes straight coming and going. Must be huge. Maybe it's taco bell and they'll build a Sonic instead.,1,True
8849,@wizkhalifa smoke ??so much you don't gotta do shit but light?? one of his locks on fire  ...that's like a whole tre five right there.,1,True
8876,I'm not asking no fee to smoke sumn if we ain't smoking out a ounce that's disrespectful,1,True
8877,Send me flying off a cliff straight through the smoke of my spliff,1,True
8895,you're my snowstorm baby ??,1,True
8897,Tess was almost born in a snowstorm. I was 39 years ago. Here's her birth story. http://t.co/UnyuRR8baw #VBAC #NaturalBirth,0,True
8898,She rose to her lofty position after being transported by accident to Oz in a hot air balloon during a snowstorm.,0,True
8901,@Lily_Bell82 ya...summer is too short. Open toed shoes arent snowstorm friendly.,1,True
8915,@BigBang_CBS ...wow...ok...um...that was like ice water blizzard snowstorm to the face.,0,True
8917,@erincandy Hr/15 mins for me in that place. During a snowstormI was pissed lol We got oil delivered to them on snowmobiles in the end,1,True
8922,#LakeEffect #Snowstorm Twill Denim Jackets   *** ALL MY PROCEEDS FOR ITEMS WITH THIS DESIGN WILL GO TO HELP THE... http://t.co/QmtDXuYktY,1,True
8937,This week on dream from last night: my mom drove my car in a snowstorm. She hit another car while parallel parking. Saw my first ex......,0,True
8940,"I feel like the cold homeless orphan gazing into the cozy mansion of the affluent eating a lobster dinner during a snowstorm.

It's fine.",1,True
8964,Storm &amp; Family tonight http://t.co/0aP7MoNtjF,1,True
8975,IGN: A Warcraft 3-inspired mode is likely coming to Heroes of the Storm http://t.co/2qVgImRo0R http://t.co/VTRoCiHSne,1,True
8981,Aurora Prediction: Kp: 3.33(11:16) 4.67(14:16) AK (earth 2.00) 75% Status: Low Storm,0,True
8984,Storm rolling into Hilton Head gonna be fun,1,True
8995,Renewing Your Kitchen Cabinets for $100 http://t.co/lYs6p5BmDL http://t.co/ELfzsRGxRo,1,True
9019,I was there to see @JimmieJohnson wreck in 2000 in person. My first thought was he's leaving on a stretcher!,1,True
9024,Stretcher in 5 min https://t.co/DIWLBiaHvP,1,True
9037,Throat stretcher http://t.co/vkThHbOQjs,1,True
9196,Career goals ?? try not to cause a suicide bombing or raise psychos that like blowing shit up!,0,True
9198,@JRehling @MyyTwoCentss And if your best evidence is the word of a guy who encouraged suicide bombing as a means to get to heaven.....well..,0,True
9227,@mehdirhasan percentages of young Muslims who believe suicide bombing is justified per pew research: 35% Britain 42% France 29% Spain,0,True
9234,@61_alvin @Craigyb74 @nomar4eva @Shahasda80 @wherepond @trensabby @parallelpond the wall Israel erected has stopped suicide bombing?,0,True
9256,Today 5/8/1941 Today 1941 British cargo ship Kumasian torpedoed/sunk Atlantic lost 1 of 60 lives Any1 have link? #crewlist #WW2,1,True
9390,Trapped a bee in my shoe only one of us survived I just ran 0.15 mi @ a 13'46'' pace with Nike+. http://t.co/IbG4ynJsw8 #nikeplus,1,True
9429,@ShaunKing Check this out: Tribute to survivors of sexual assault by law enforcement officers on facebook.,1,True
9437,"Your donation will make a difference in the lives of #survivors of #braininjury. Please donate today.
 http://t.co/noF8f0RScb",0,True
9443,@BBCNewsAsia State sponsored terrorism.,0,True
9444,Judges considering fate of children as young as two amid radicalisation fears http://t.co/EgWU4mJV0a,0,True
9462,Combating #fear of #terrorismturn off your tv &amp;Veterans For Peace Calls 4 an End 2 #NATO #VFP http://t.co/YPPG4kZIpS http://t.co/cBfdI6LF2X,1,True
9475,People buyout over terrorism and Isis but have a better chance getting shot at in a movie theater  https://t.co/jkdjH2zw8s,1,True
9478,"Truth...
https://t.co/Kix1j4ZyGx
#News
#BBC
#CNN
#Islam
#Truth
#god
#ISIS
#terrorism
#Quran
#Lies http://t.co/pi6Qn7y7ql",0,True
9479,New US counter #terrorism program urges #Muslims to rat each other out critics say http://t.co/mVn6T9VhUl http://t.co/7lUfjX684i,0,True
9512,POLLS:  SHOULD THE UNBORN BABIES OF BOKO HARAM TERRORIST BE KILLED IN THEIR MOTHERS WOMB OR SPARED?                http://t.co/3skw0DqZ0r,0,True
9523,#Article 370 hs to.remove by this govt.otherwise our son who is on Border 'll b slain by Muslim terrorist.Bstrd Media takig SculrismFinis'em,0,True
9530,I always wonder why and how media is capable to meet or get details of terrorist? Cops dont even get to know them primarily? Strange,0,True
9532,#Congi &amp; Indian News Presstitutes must be sympathising on the Terrorist caught alive in Jammu.If they can do for Yakub Sonia must be feeling,0,True
9544,White Space Devices Pose Threat to Medical Devices Warns Lawmakers  http://t.co/kZ240R8qp9,0,True
9545,A reminder: White Americans are the biggest terror threat in the United States according to new study. http://t.co/BqzhPjOTF5,0,True
9578,I don't wake up until another 2 hours &amp;&amp; I get interrupted . ????? I hate thunder .. ??,1,True
9604,Idk if ithats thunder or people rolling in their trashcans ??????,1,True
9630,Just woke up to the loudest thunderstorm I've ever heard,1,True
9641,Loud ass thunderstorm for no reason !??,1,True
9649,Pretty bad ass thunderstorm,1,True
9668,Going to attempt the California fair again tomorrow hopefully we don't die in a tornado ??,0,True
9671,#tornado #singapore Mac and #cheese #around the world - mac cheese cookbook: http://t.co/rgAm3eQOwn Mac and Ch http://t.co/X6ZJpzB8UP,1,True
9689,@sarahnandola BTW we all live in libertyville now. Bc of the tornado,1,True
9694,#TornadoGiveaway åÊ #thebookclub åÊ Join in!! https://t.co/8qucf6sgOc https://t.co/5U1t8hc4uf,1,True
9696,Loving you was like throwing a lasso around a tornado I tried to hold on to.??,1,True
9725,They can only ban SAFE abortions- back alley tragedy will come back.  USA is NOT a theocracy!!!!! http://t.co/qIkS2FUTb1,0,True
9727,@MeekMill Have your beef Idgaf but you went too far when you used a tragedy where PEOPLE DIED to insult Drake. You owe T.O an apology.,1,True
9743,These women all bonded through tragedy. All of em were broken in some way,0,True
9758,@LauraE303B @SheilaGunnReid A war we'll never win? There r 2500 Yezidi women trapped as slaves.We know where they are. Doing nothing is evil,1,True
9777,(#TeambrianMundial) Hollywood Movie About Trapped Miners Released in Chile: 'The 33' Holly... http://t.co/Ama6AVULnA (#TeambrianMundial),1,True
9781,No one on the south shore knows how to make good coffee and I'm trapped in a living hell,0,True
9789,Hollywood Movie About Trapped Miners Released in Chile: 'The 33' Hollywood movie about trapped min... http://t.co/BinNJwobtU #topstories,1,True
9798,Hollywood movie about trapped miners released in Chile: SANTIAGO Chile (AP) ÛÓ The Hollywood movie on the 33 m... http://t.co/RAzFkXbhMN,1,True
9821,Esteemed journalist recalls tragic effects of unaddressed #childhood #trauma. #counciling #therapy #newauthors #HIV http://t.co/GXq1AuhzCy,0,True
9840,Idk how I'm supposed to have my daughter in gymnastics and cheer at the same time? She refuses to make a choice. Ugh DIVA ??,1,True
9855,PTSD research aims to answer a question left to future researchers in 1922 by a post WW1 inquiry http://t.co/gRDebWx70f,1,True
9871,@TremendousTroye I'm so traumatised,1,True
9876,"@PeterDutton_MP 
YOU DIDN'T 'STARE' DOWN 'PPL SMUGGLERS' 
YOU PAID THEM TO GO AWAY!
2 men died many traumatised children abused. #auspol",1,True
9882,@michellemccann we had that last night - lightning for 2 hours! Poor Dawg traumatised. Ended up huddling in basement. @David_Williamso,1,True
9895,Still traumatised at the sight of an old woman throwing her shit out the window ?????,1,True
9902,@lovestheworld55 @SemiMooch so that's why you're now willing to believe nonsense - you were traumatised? Sorry to hear but bible still fake,1,True
9913,Pissed something off in the wood pile. Pulling pieces out and I get a small hiss and a series of low clicks for my trouble.,1,True
9922,RT  ADVISORY: Stalled Bus at EDSA Service Road Cubao SB due to mechanical trouble as of 7:53 AM. 1 lane occupied.Û_ https://t.co/HRNZKU66mm,0,True
9926,Must black folks don't wanna stir up trouble .. Which in turn causes them to be silent on the injustice in the wrld. https://t.co/a5bKmsasjE,1,True
9968,TheDIYHacks: RT Illusionimagess: A tsunami cloud. http://t.co/H6t4x1EVTx,1,True
9975,When tsunami says your order will take 40 minutes and you placed your order when you were on your way ????,1,True
9997,@TA7LPlays @Twitch_Bang @Maliceqt @Zelse007 @RhyareeGaming @dougiedabandit sorry what you say theres a tweet tsunami happening,0,True
9999,This high-tech sphere can be the key to saving lives during a tsunami. What would you pack in it? http://t.co/KwlpFqRBVp,1,True
10033,when you get stuck on the wicked twister and they have to call maintenance to get you out.. http://t.co/7iFPMFssMU,1,True
10078,Typhoon Soudelor heads for Taiwan http://t.co/Pg0BhL6FQC #wtf #news #tv #fun #funny,1,True
10122,Where bottle cherry timbering facilities upheaval entryway?: fJiZzTxK,1,True
10154,This week we received the sad news of our friends daughters cancer prognosis. This is the second upheaval in this... http://t.co/tpOptWMWFR,1,True
10180,"Violent Forces Radio: Now Playing Torture - Storm Alert
TuneIn Player @ http://t.co/XsSgEdSbH4",0,True
10228,idgaf fly into a volcano,1,True
10232,Learning from the Legacy of a Catastrophic Eruption - The New Yorker http://t.co/y8YqPBE4t9,0,True
10242,what's the hottest thing you've ever seen..fire?..the sun?..a volcano?  or this? http://t.co/2GLdsHRaiI,0,True
10248,The Architect Behind Kanye West's Volcano - New York Times http://t.co/3QJUExX0Y0,1,True
10261,Sammy is here in this war zone. Jamal spoke to me on the phone. Now my wife is next to speak to me ...what else can&gt; http://t.co/2CppfprxoG,1,True
10267,Saipan looks like a war zone though,1,True
10277,Um OK '@dandre_5: Sundays during football seasonfrom about 9 am - 11 pm women shouldn't even log onshit be a complete war zone',1,True
10279,Just trying to find my my peace in a Zone of war,1,True
10281,Twitter is going to be a war zone today  https://t.co/1QHNqCZvod,0,True
10354,Security experts report that the only way to keep Iran 'honest' and stop her march to nuclear weapons is by... http://t.co/DGnbUsfXkw,0,True
10356,"Aug 3 1915ÛÓKILL 10000 WITH ROCKS.; Italians Make Good Use of Nature's Weapons -- Excel with Bayonet.
http://t.co/ck1mMvHU0T",1,True
10363,Abe proposed a new plan for abolishing nuclear weapons. Yesterday his defense minister made clear nukes are fine. http://t.co/A6IR8rKuwS,0,True
10373,Any attempt to sell weapons to #Nigeria is an attempt to upgrad #Bokoharm army #USA must know this now @UN,0,True
10397,Warcraft has always been this weird referential whirlwind to itself and other things,1,True
10453,Hey @Macys ! My moms house burned down in the CA wild fires &amp; I bought her an e gift card to buy her CLOTHES (cont) http://t.co/sWdjnypCXK,1,True
10491,11:57am Wildfire by The Mynabirds from Lovers Know,0,True
10495,About to get it with the babes of #wildfire and @taviiikenney of course!!,0,True
10579,A few more photos from this mornings windstorm. We've never seen anything like it! #rhodeisland #warwick,1,True
10597,You still acting like you were the one wounded. Didn't you do the stabbing?...,1,True
10614,"Pope Francis talks about WOUNDED FAMILIES
http://t.co/m1RfBPODI9",0,True
10635,He was crushed for our iniquities; the punishment that brought us peace was upon him &amp; by his wounds we are healed. -Isa 53:5,1,True
10697,Last week we had a blast hosting Dinner &amp; a Movie Night with 'Wreck-It Ralph' on @FtCarsonPAO! @carsonmwr #TBT http://t.co/tUYPxEoBQa,1,True
10703,Interesting in watching a train wreck while taking acid kind of way https://t.co/kM08qiWW4g,0,True
10792,Almost *wrecked* my van the other day because of this guy (yeah I brake &amp; also care for animals ~ get used to it)!  https://t.co/8ZaHavmtT6,1,True
10797,@Nathan26_RFC thought you said Saturday night there and near died lolol you'll be wrecked!!,0,True
10804,@yakubOObs think he deactivated because his notifications are aids after tesco wrecked him lol,1,True
10806,RT CNBC '3 words from Disney CEO Bob Iger wrecked Disney's stock says Jim Cramer: http://t.co/f0texKsqhL http://t.co/ilySLaTMgI',1,True
